{
  "intermediate_source/ax_multiobjective_nas_tutorial.py": {
    "extra_files": ["intermediate_source/mnist_train_nas.py"],
    "duration": 2000
  },
  "beginner_source/dcgan_faces_tutorial.py": {
    "duration": 2000
  },
  "intermediate_source/seq2seq_translation_tutorial.py": {
    "duration": 1200
  },
  "beginner_source/hyperparameter_tuning_tutorial.py": {
    "duration": 0
  },
  "advanced_source/dynamic_quantization_tutorial.py": {
    "duration": 380
  },
  "beginner_source/chatbot_tutorial.py": {
    "duration": 330
  },
  "intermediate_source/pipeline_tutorial.py": {
    "duration": 320,
    "needs": "gpu.nvidia.small.multi"
  },
  "intermediate_source/model_parallel_tutorial.py": {
    "needs": "gpu.nvidia.small.multi"
  }
}
